funcstat_10,statefp_10,countyfp_10,shape_area,muap,date_updat,awater_10,muap_index,srvc_area,shape_leng,geoid_10,name_10,intptlon_10,muap_date,aland_10,tractce_10,namelsad_10,intptlat_10,mtfcc_10,ObjectId,Shape__Area,Shape__Length
S,26,163,12036760,Medically Underserved Area,780624000000,0,42.4,Southwest Detroit Service Area,14666.8,26163530000,5248,-83.16159,780624000000,1118325,524800,Census Tract 5248,42.2631,G5020,1,2043213.37109375,6044.48880745897
S,26,163,18215570,Medically Underserved Area,768096000000,0,55.5,Wayne Service Area,22567.23,26163520000,5219,-83.08054,768096000000,1692449,521900,Census Tract 5219,42.3504,G5020,2,3100671.54296875,9307.18489343501
S,26,163,2420654,Medically Underserved Area,768096000000,0,55.5,Wayne Service Area,6800.037,26163520000,5218,-83.07125,768096000000,224907,521800,Census Tract 5218,42.34612,G5020,3,411989.18359375,2807.00381045734
S,26,163,16229880,Medically Underserved Area,768096000000,0,55.5,Wayne Service Area,18245.54,26163520000,5215,-83.07639,768096000000,1507941,521500,Census Tract 5215,42.33686,G5020,4,2761472.3828125,7521.27617522103
S,26,163,13794580,Medically Underserved Area,780624000000,686823,42.4,Southwest Detroit Service Area,19937.46,26163520000,5208,-83.05379,780624000000,1348294,520800,Census Tract 5208,42.32547,G5020,5,2346405.2265625,8216.33107999603
S,26,163,14052350,Medically Underserved Area,780624000000,0,42.4,Southwest Detroit Service Area,18164.81,26163520000,5214,-83.07301,780624000000,1305626,521400,Census Tract 5214,42.33059,G5020,6,2390494.1484375,7486.41567006226
S,26,163,10431170,Medically Underserved Area,780624000000,0,42.4,Southwest Detroit Service Area,15651.78,26163520000,5213,-83.09295,780624000000,969178,521300,Census Tract 5213,42.33412,G5020,7,1774681.75,6459.95185978383
S,26,163,17228420,Medically Underserved Area,780624000000,117811,42.4,Southwest Detroit Service Area,19469.39,26163520000,5211,-83.08086,780624000000,1600031,521100,Census Tract 5211,42.32088,G5020,8,2929955.04296875,8028.8246044001
S,26,163,11633860,Medically Underserved Area,780624000000,379735,42.4,Southwest Detroit Service Area,18058.42,26163980000,9853,-83.07014,780624000000,1105371,985300,Census Tract 9853,42.32039,G5020,9,1978558.74609375,7446.86316611966
S,26,163,8259743,Medically Underserved Area,768096000000,0,55.5,Wayne Service Area,12492.65,26163520000,5207,-83.05546,768096000000,767428,520700,Census Tract 5207,42.33472,G5020,10,1405278.41015625,5150.6140812499
S,26,163,4408278,Medically Underserved Area,768096000000,0,55.5,Wayne Service Area,9228.843,26163520000,5204,-83.0676,768096000000,409578,520400,Census Tract 5204,42.34816,G5020,11,750328,3809.56666437346
S,26,163,4855335,Medically Underserved Area,768096000000,0,55.5,Wayne Service Area,9324.066,26163520000,5203,-83.06274,768096000000,451117,520300,Census Tract 5203,42.34979,G5020,12,826463.390625,3848.81592670435
S,26,163,10582700,Medically Underserved Area,768096000000,0,55.5,Wayne Service Area,15893.74,26163520000,5168,-83.02549,768096000000,983256,516800,Census Tract 5168,42.356,G5020,13,1801719.43359375,6560.54965208523
S,26,163,12906750,Medically Underserved Area,768096000000,0,55.5,Wayne Service Area,15183.78,26163520000,5167,-83.02102,768096000000,1199188,516700,Census Tract 5167,42.3484,G5020,14,2196858.93359375,6264.06525077949
S,26,163,7438278,Medically Underserved Area,768096000000,0,55.5,Wayne Service Area,14034.17,26163520000,5166,-83.02019,768096000000,691101,516600,Census Tract 5166,42.34137,G5020,15,1265784.8046875,5786.33347401518
S,26,163,11091130,Medically Underserved Area,768096000000,0,55.5,Wayne Service Area,13910.1,26163520000,5164,-83.00961,768096000000,1030497,516400,Census Tract 5164,42.35086,G5020,16,1887969.82421875,5741.01774814772
S,26,163,6663934,Medically Underserved Area,768096000000,0,55.5,Wayne Service Area,10291.31,26163520000,5163,-83.01522,768096000000,619160,516300,Census Tract 5163,42.35957,G5020,17,1134672.7734375,4246.54615859783
S,26,163,14522920,Medically Underserved Area,780624000000,0,32.5,Chene Service Area,16999.66,26163520000,5161,-83.02584,768096000000,1349362,516100,Census Tract 5161,42.37566,G5020,18,2474099.05078125,7022.99314638081
S,26,163,12996800,Medically Underserved Area,780624000000,1059803,40,Wayne Service Area,23608.91,26163520000,5157,-82.98714,768096000000,1208050,515700,Census Tract 5157,42.35304,G5020,19,2212626.08203125,9740.02914972599
S,26,163,9308827,Medically Underserved Area,780624000000,0,33.6,Eastside Service Area,14751.78,26163520000,5156,-82.99177,780624000000,864898,515600,Census Tract 5156,42.36395,G5020,20,1585243.19921875,6091.89335669588
S,26,163,9713124,Medically Underserved Area,780624000000,0,40,Wayne Service Area,15915.43,26163520000,5154,-82.99638,768096000000,902465,515400,Census Tract 5154,42.36097,G5020,21,1653934.96484375,6571.83869901333
S,26,163,8557810,Medically Underserved Area,780624000000,0,40,Wayne Service Area,11786.06,26163520000,5153,-83.00055,768096000000,795120,515300,Census Tract 5153,42.35329,G5020,22,1456853.19921875,4864.06482715505
S,26,163,10004150,Medically Underserved Area,780624000000,0,33.6,Eastside Service Area,12740.28,26163520000,5152,-83.00567,780624000000,929506,515200,Census Tract 5152,42.36166,G5020,23,1703528.828125,5257.92803817855
S,26,163,6403.479,Medically Underserved Area,768096000000,3081417,55.5,Wayne Service Area,304.347,26163990000,9855,-82.97817,768096000000,3397894,985500,Census Tract 9855,42.34185,G5020,24,1089.46484375,125.458659476981
S,26,163,6069548,Medically Underserved Area,780624000000,0,33.6,Eastside Service Area,10649.6,26163520000,5145,-82.9999,780624000000,563936,514500,Census Tract 5145,42.37532,G5020,25,1033986.9140625,4397.41770059173
S,26,163,8891603,Medically Underserved Area,768096000000,0,55.5,Wayne Service Area,11956.54,26163520000,5202,-83.06994,768096000000,826138,520200,Census Tract 5202,42.35722,G5020,26,1513866.56640625,4935.0255727505
S,26,163,15234530,Medically Underserved Area,780624000000,0,32.5,Chene Service Area,16500.37,26163520000,5188,-83.03724,768096000000,1415467,518800,Census Tract 5188,42.3597,G5020,27,2594006.1328125,6811.70920367936
S,26,163,7981737,Medically Underserved Area,780624000000,0,32.5,Chene Service Area,12071.53,26163520000,5186,-83.02945,768096000000,741602,518600,Census Tract 5186,42.36473,G5020,28,1359279.7734375,4984.90348871053
S,26,163,8615388,Medically Underserved Area,780624000000,0,32.5,Chene Service Area,11956.38,26163520000,5185,-83.03457,768096000000,800479,518500,Census Tract 5185,42.37329,G5020,29,1467591.73828125,4935.78556160002
S,26,163,11371450,Medically Underserved Area,780624000000,0,32.5,Chene Service Area,13483.26,26163520000,5184,-83.04411,768096000000,1056546,518400,Census Tract 5184,42.36983,G5020,30,1936860.13671875,5564.83461723468
S,26,163,9160801,Medically Underserved Area,768096000000,0,55.5,Wayne Service Area,12281.86,26163520000,5180,-83.06137,768096000000,851150,518000,Census Tract 5180,42.3625,G5020,31,1559962.48046875,5068.77340843518
S,26,163,11853300,Medically Underserved Area,768096000000,0,55.5,Wayne Service Area,13910.91,26163520000,5175,-83.05608,768096000000,1101313,517500,Census Tract 5175,42.35413,G5020,32,2017918.79296875,5740.60961011229
S,26,163,17574180,Medically Underserved Area,768096000000,447536,55.5,Wayne Service Area,23248.24,26163520000,5172,-83.03901,768096000000,1632385,517200,Census Tract 5172,42.33384,G5020,33,2990010.00390625,9589.44013065292
S,26,163,21733270,Medically Underserved Area,780624000000,0,33.6,Eastside Service Area,21469.71,26163510000,5143,-82.99341,780624000000,2019290,514300,Census Tract 5143,42.38886,G5020,34,3704002.296875,8858.66562622308
S,26,163,17324280,Medically Underserved Area,780624000000,0,40,Wayne Service Area,16882.69,26163510000,5141,-82.9894,768096000000,1609639,514100,Census Tract 5141,42.37983,G5020,35,2951726.01953125,6967.98750422962
S,26,163,13844180,Medically Underserved Area,780624000000,0,33.6,Eastside Service Area,15452.48,26163510000,5139,-82.9838,780624000000,1286288,513900,Census Tract 5139,42.37222,G5020,36,2358209.49609375,6376.3096107271
S,26,163,10535880,Medically Underserved Area,780624000000,0,40,Wayne Service Area,14326.95,26163510000,5136,-82.98022,768096000000,978906,513600,Census Tract 5136,42.36572,G5020,37,1794303.5703125,5911.50227644778
S,26,163,9986846,Medically Underserved Area,780624000000,0,33.6,Eastside Service Area,15524.12,26163510000,5132,-82.93834,780624000000,927895,513200,Census Tract 5132,42.36797,G5020,38,1700923.6640625,6409.55666624849
S,26,163,16303550,Medically Underserved Area,780624000000,0,33.6,Eastside Service Area,16884.67,26163510000,5129,-82.95047,780624000000,1514795,512900,Census Tract 5129,42.37555,G5020,39,2777433.06640625,6965.58057612983
S,26,163,14892770,Medically Underserved Area,780624000000,0,33.6,Eastside Service Area,16889.07,26163510000,5126,-82.95606,780624000000,1383722,512600,Census Tract 5126,42.38208,G5020,40,2537625.8671875,6967.57799716483
S,26,163,10780240,Medically Underserved Area,780624000000,0,33.6,Eastside Service Area,13272.87,26163510000,5124,-82.95607,780624000000,1001617,512400,Census Tract 5124,42.39089,G5020,41,1837395.890625,5479.49422148281
S,26,163,8543845,Medically Underserved Area,780624000000,0,33.6,Eastside Service Area,12532.1,26163510000,5123,-82.96632,780624000000,793826,512300,Census Tract 5123,42.3883,G5020,42,1456101.7109375,5171.6716832433
S,26,163,12844570,Medically Underserved Area,780624000000,0,33.6,Eastside Service Area,14475.48,26163510000,5121,-82.9639,780624000000,1193422,512100,Census Tract 5121,42.39891,G5020,43,2189801.9296875,5976.09752516884
S,26,163,26218700,Medically Underserved Area,780624000000,0,33.6,Eastside Service Area,22530.07,26163980000,9852,-82.97152,780624000000,2436034,985200,Census Tract 9852,42.37858,G5020,44,4466989.4140625,9302.6876873404
S,26,163,31481360,Medically Underserved Area,780624000000,0,40,Wayne Service Area,36279.43,26163980000,9851,-83.05643,768096000000,2925019,985100,Census Tract 9851,42.37772,G5020,45,5363888.28515625,14980.6265380746
S,26,163,6104171,Medically Underserved Area,780624000000,0,42.4,Airport/Conner Service Area,13230.14,26163510000,5107,-83.03988,768096000000,567158,510700,Census Tract 5107,42.39365,G5020,46,1040493.0625,5468.58717767081
S,26,163,15428390,Medically Underserved Area,780624000000,0,44.2,Pershing/Nolan/State Fair/Davison Service Area,17334.38,26163510000,5105,-83.06891,780624000000,1433504,510500,Census Tract 5105,42.40865,G5020,47,2631125.03125,7155.1953160317
S,26,163,9423224,Medically Underserved Population,1286928000000,0,60.3,Low Inc - Western Detroit,12414.27,26163540000,5428,-83.22435,1286928000000,875543,542800,Census Tract 5428,42.39014,G5020,48,1606066.08984375,5123.67475427603
S,26,163,17315550,Medically Underserved Area,780624000000,26408,44.2,Pershing/Nolan/State Fair/Davison Service Area,18557.79,26163510000,5104,-83.07604,780624000000,1582438,510400,Census Tract 5104,42.41475,G5020,49,2953530.4921875,7658.62474439761
S,26,163,19167210,Medically Underserved Area,780624000000,0,44.2,Pershing/Nolan/State Fair/Davison Service Area,19272.4,26163510000,5080,-83.11327,780624000000,1780908,508000,Census Tract 5080,42.43922,G5020,50,3271926.13671875,7962.06466197275
S,26,163,11417640,Medically Underserved Area,780624000000,0,44.2,Pershing/Nolan/State Fair/Davison Service Area,15427.4,26163510000,5079,-83.10661,780624000000,1060854,507900,Census Tract 5079,42.42639,G5020,51,1948241.8828125,6376.07328050724
S,26,163,13674650,Medically Underserved Area,780624000000,0,44.2,Pershing/Nolan/State Fair/Davison Service Area,16811.38,26163510000,5078,-83.09704,780624000000,1270564,507800,Census Tract 5078,42.42439,G5020,52,2333217.02734375,6946.74471333513
S,26,163,8121643,Medically Underserved Area,780624000000,0,44.2,Pershing/Nolan/State Fair/Davison Service Area,13071.33,26163510000,5072,-83.07376,780624000000,754611,507200,Census Tract 5072,42.42092,G5020,53,1385589.828125,5394.42458020868
S,26,163,12391780,Medically Underserved Population,1286928000000,0,60.3,Low Inc - Western Detroit,18643.63,26163550000,5469,-83.22285,1286928000000,1151356,546900,Census Tract 5469,42.37392,G5020,54,2110925.4921875,7695.17176172407
S,26,163,7573356,Medically Underserved Area,780624000000,0,33,Tireman/Chadsey Service Area,14380.67,26163980000,9850,-83.12808,768096000000,703655,985000,Census Tract 9850,42.34533,G5020,55,1288933.515625,5935.7666898813
S,26,163,9615641,Medically Underserved Area,780624000000,0,44.2,Pershing/Nolan/State Fair/Davison Service Area,13035.22,26163510000,5075,-83.08813,780624000000,893431,507500,Census Tract 5075,42.44326,G5020,56,1641643.6875,5383.63865205893
S,26,163,13341340,Medically Underserved Area,780624000000,0,44.2,Pershing/Nolan/State Fair/Davison Service Area,15778.27,26163510000,5074,-83.08564,780624000000,1239599,507400,Census Tract 5074,42.43621,G5020,57,2277206.16015625,6514.2920153576
S,26,163,14097750,Medically Underserved Area,780624000000,0,44.2,Pershing/Nolan/State Fair/Davison Service Area,15595.48,26163510000,5073,-83.08774,780624000000,1309881,507300,Census Tract 5073,42.42626,G5020,58,2405552.2578125,6445.60871731121
S,26,163,10922.35,Medically Underserved Area,768096000000,3081417,55.5,Wayne Service Area,438.5002,26163990000,9855,-82.97817,768096000000,3397894,985500,Census Tract 9855,42.34185,G5020,59,1858.6015625,180.833248075314
S,26,163,11620020,Medically Underserved Area,780624000000,0,44.2,Pershing/Nolan/State Fair/Davison Service Area,13917.12,26163510000,5071,-83.07635,780624000000,1079666,507100,Census Tract 5071,42.42775,G5020,60,1982861.66015625,5748.29341444801
S,26,163,12764600,Medically Underserved Area,780624000000,0,44.2,Pershing/Nolan/State Fair/Davison Service Area,15275.1,26163510000,5070,-83.06219,780624000000,1186008,507000,Census Tract 5070,42.4297,G5020,61,2178310.84375,6306.09570789872
S,26,163,13004590,Medically Underserved Area,780624000000,0,44.2,Pershing/Nolan/State Fair/Davison Service Area,15452.43,26163510000,5069,-83.06717,780624000000,1208312,506900,Census Tract 5069,42.43681,G5020,62,2219770.40234375,6379.9170477105
S,26,163,18822380,Medically Underserved Area,780624000000,0,44.2,Pershing/Nolan/State Fair/Davison Service Area,20149.19,26163510000,5068,-83.06764,780624000000,1748868,506800,Census Tract 5068,42.44385,G5020,63,3213538.7734375,8317.68518448421
S,26,163,10064930,Medically Underserved Area,780624000000,0,44.2,Pershing/Nolan/State Fair/Davison Service Area,12974.31,26163510000,5067,-83.04658,780624000000,935177,506700,Census Tract 5067,42.44419,G5020,64,1718401.16796875,5358.88210142333
S,26,163,7000937,Medically Underserved Population,1032825600000,0,46.1,Low Inc - Brightmoor / Cody,10496.75,26163550000,5464,-83.24136,1032825600000,650476,546400,Census Tract 5464,42.37544,G5020,65,1192657.390625,4332.34119872706
S,26,163,13312490,Medically Underserved Area,780624000000,0,44.2,Pershing/Nolan/State Fair/Davison Service Area,15419.55,26163510000,5066,-83.04852,780624000000,1236920,506600,Census Tract 5066,42.43705,G5020,66,2272342.03515625,6366.83576707334
S,26,163,10288510,Medically Underserved Area,780624000000,0,44.2,Pershing/Nolan/State Fair/Davison Service Area,13065.64,26163510000,5065,-83.04598,780624000000,955943,506500,Census Tract 5065,42.42987,G5020,67,1755770.19921875,5395.58893555317
S,26,163,19637390,Medically Underserved Area,780624000000,0,44.2,Pershing/Nolan/State Fair/Davison Service Area,20569.32,26163510000,5064,-83.05231,780624000000,1824590,506400,Census Tract 5064,42.4226,G5020,68,3350409.22265625,8488.20668452373
S,26,163,13994260,Medically Underserved Population,1286928000000,0,60.3,Low Inc - Western Detroit,17422.81,26163550000,5468,-83.22979,1286928000000,1300241,546800,Census Tract 5468,42.36976,G5020,69,2383587.22265625,7190.22145913553
S,26,163,13759130,Medically Underserved Population,1286928000000,0,60.3,Low Inc - Western Detroit,15810.51,26163550000,5467,-83.22625,1286928000000,1278386,546700,Census Tract 5467,42.36131,G5020,70,2342907.125,6520.30815738232
S,26,163,7812281,Medically Underserved Population,1032825600000,0,46.1,Low Inc - Brightmoor / Cody,11203.33,26163550000,5466,-83.24155,1032825600000,725856,546600,Census Tract 5466,42.36106,G5020,71,1330266.15234375,4622.46050211514
S,26,163,7094806,Medically Underserved Population,1032825600000,0,46.1,Low Inc - Brightmoor / Cody,10643.02,26163550000,5465,-83.24113,1032825600000,659195,546500,Census Tract 5465,42.36825,G5020,72,1208372.79296875,4392.25707371122
S,26,163,13625470,Medically Underserved Population,1286928000000,0,60.3,Low Inc - Western Detroit,16001.28,26163550000,5461,-83.24059,1286928000000,1265971,546100,Census Tract 5461,42.35086,G5020,73,2319374.19921875,6605.52685105399
S,26,163,13774420,Medically Underserved Population,1286928000000,0,60.3,Low Inc - Western Detroit,15703.93,26163550000,5460,-83.22614,1286928000000,1279812,546000,Census Tract 5460,42.3541,G5020,74,2344972.22265625,6475.58740173926
S,26,163,13618260,Medically Underserved Population,1286928000000,0,60.3,Low Inc - Western Detroit,15642.69,26163550000,5459,-83.22593,1286928000000,1265294,545900,Census Tract 5459,42.34687,G5020,75,2317851.578125,6449.61755540813
S,26,163,15585870,Medically Underserved Population,1286928000000,0,60.3,Low Inc - Western Detroit,17112.78,26163550000,5458,-83.22685,1286928000000,1448105,545800,Census Tract 5458,42.33961,G5020,76,2652128.64453125,7054.25266402713
S,26,163,11770080,Medically Underserved Population,1286928000000,0,60.3,Low Inc - Western Detroit,16466.18,26163550000,5457,-83.22427,1286928000000,1093578,545700,Census Tract 5457,42.33282,G5020,77,2002391.92578125,6788.93625668297
S,26,163,14173220,Medically Underserved Population,1286928000000,0,60.3,Low Inc - Western Detroit,16061.63,26163550000,5456,-83.20605,1286928000000,1316856,545600,Census Tract 5456,42.3399,G5020,78,2411770.69921875,6621.59851549675
S,26,163,7213988,Medically Underserved Area,1084492800000,0,52.4,Northeast Detroit Service Area,11076.32,26163500000,5034,-82.98016,1084492800000,670279,503400,Census Tract 5034,42.439,G5020,79,1231450.265625,4575.66557280621
S,26,163,14188650,Medically Underserved Population,1286928000000,0,60.3,Low Inc - Western Detroit,16033.07,26163550000,5455,-83.20641,1286928000000,1318294,545500,Census Tract 5455,42.34713,G5020,80,2414953.50390625,6610.41062793606
S,26,163,14055830,Medically Underserved Area,278726400000,0,37.5,Mackenzie/ Brooks Service Area,15934.58,26163550000,5454,-83.20663,278726400000,1305955,545400,Census Tract 5454,42.35437,G5020,81,2392899.17578125,6570.61120517459
S,26,163,10322100,Medically Underserved Area,768096000000,0,55.5,Wayne Service Area,13818.3,26163520000,5224,-83.08337,768096000000,959049,522400,Census Tract 5224,42.36099,G5020,82,1757631.53125,5703.05395187322
S,26,163,14565770,Medically Underserved Area,768096000000,0,55.5,Wayne Service Area,16898.13,26163530000,5339,-83.07744,768096000000,1353343,533900,Census Tract 5339,42.36852,G5020,83,2480832.13671875,6977.62983506876
S,26,163,42172090,Medically Underserved Area,780624000000,265454,42.4,Southwest Detroit Service Area,30916,26163530000,5249,-83.12469,780624000000,3652752,524900,Census Tract 5249,42.29049,G5020,84,7164947.59765625,12740.366788592
S,26,163,20898060,Medically Underserved Area,1084492800000,0,52.4,Northeast Detroit Service Area,18452.88,26163510000,5063,-83.03132,1084492800000,1941719,506300,Census Tract 5063,42.42659,G5020,85,3565951.4140625,7624.53831145233
S,26,163,10584830,Medically Underserved Area,1084492800000,0,52.4,Northeast Detroit Service Area,13233.64,26163510000,5062,-83.03169,1084492800000,983484,506200,Census Tract 5062,42.43748,G5020,86,1806776.83203125,5465.54002263965
S,26,163,9929654,Medically Underserved Area,1084492800000,0,52.4,Northeast Detroit Service Area,12992.7,26163510000,5061,-83.03201,1084492800000,922606,506100,Census Tract 5061,42.44457,G5020,87,1695325.19140625,5366.43131667084
S,26,163,23114330,Medically Underserved Area,1084492800000,0,52.4,Northeast Detroit Service Area,24412.09,26163510000,5051,-83.01794,1084492800000,2147647,505100,Census Tract 5051,42.44035,G5020,88,3945863.03515625,10092.9148405002
S,26,163,8159541,Medically Underserved Area,1084492800000,0,52.4,Northeast Detroit Service Area,14664.16,26163510000,5050,-83.00873,1084492800000,758140,505000,Census Tract 5050,42.4391,G5020,89,1392862.1640625,6062.62562913592
S,26,163,24205660,Medically Underserved Area,1084492800000,0,52.4,Northeast Detroit Service Area,19615.17,26163510000,5049,-83.013,1084492800000,2249050,504900,Census Tract 5049,42.42634,G5020,90,4130312.42578125,8103.14421320982
S,26,163,13809470,Medically Underserved Area,278726400000,0,37.5,Mackenzie/ Brooks Service Area,15854.56,26163550000,5453,-83.20687,278726400000,1283067,545300,Census Tract 5453,42.3616,G5020,91,2351502.51171875,6538.53330642449
S,26,163,13502300,Medically Underserved Area,278726400000,0,37.5,Mackenzie/ Brooks Service Area,15483.81,26163550000,5452,-83.20692,278726400000,1254532,545200,Census Tract 5452,42.36882,G5020,92,2299726.28125,6386.30443479684
S,26,163,12379330,Medically Underserved Area,278726400000,0,37.5,Mackenzie/ Brooks Service Area,15075.09,26163550000,5451,-83.20718,278726400000,1150195,545100,Census Tract 5451,42.37572,G5020,93,2108922.58203125,6218.06400193648
S,26,163,13752790,Medically Underserved Population,1032825600000,0,46.1,Low Inc - Brightmoor / Cody,15912.67,26163540000,5442,-83.26197,1032825600000,1277816,544200,Census Tract 5442,42.40737,G5020,94,2345274.55859375,6574.97420438074
S,26,163,13577580,Medically Underserved Population,1032825600000,0,46.1,Low Inc - Brightmoor / Cody,16982.63,26163540000,5439,-83.24934,1032825600000,1261533,543900,Census Tract 5439,42.38195,G5020,95,2313529.98046875,7003.92369588132
S,26,163,10755560,Medically Underserved Population,1032825600000,0,46.1,Low Inc - Brightmoor / Cody,13339.69,26163540000,5438,-83.25404,1032825600000,999331,543800,Census Tract 5438,42.38941,G5020,96,1833103.125,5505.19318791852
S,26,163,14259890,Medically Underserved Population,1032825600000,0,46.1,Low Inc - Brightmoor / Cody,18354.72,26163540000,5437,-83.23862,1032825600000,1324931,543700,Census Tract 5437,42.38947,G5020,97,2430360.01953125,7579.1653680318
S,26,163,15111790,Medically Underserved Population,1032825600000,0,46.1,Low Inc - Brightmoor / Cody,16729.2,26163540000,5436,-83.25102,1032825600000,1404089,543600,Census Tract 5436,42.3968,G5020,98,2576155.76171875,6902.53881445721
S,26,163,10055780,Medically Underserved Population,1032825600000,0,46.1,Low Inc - Brightmoor / Cody,12898.61,26163540000,5435,-83.24988,1032825600000,934313,543500,Census Tract 5435,42.40404,G5020,99,1714637.91015625,5324.42069762746
S,26,163,11431290,Medically Underserved Area,768096000000,0,55.5,Wayne Service Area,15694.6,26163540000,5434,-83.23747,768096000000,1062119,543400,Census Tract 5434,42.40157,G5020,100,1949027.26171875,6484.09812881209
S,26,163,7952577,Medically Underserved Area,1084492800000,0,52.4,Northeast Detroit Service Area,15093.21,26163500000,5036,-82.99678,1084492800000,738902,503600,Census Tract 5036,42.42498,G5020,101,1356922.4453125,6229.24220147629
S,26,163,17384290,Medically Underserved Area,1084492800000,0,52.4,Northeast Detroit Service Area,18782.21,26163500000,5035,-82.99226,1084492800000,1615235,503500,Census Tract 5035,42.43126,G5020,102,2966819.8203125,7752.59880207357
S,26,163,20924.74,Medically Underserved Area,768096000000,3081417,55.5,Wayne Service Area,579.4608,26163990000,9855,-82.97817,768096000000,3397894,985500,Census Tract 9855,42.34185,G5020,103,3560.70703125,238.883664130994
S,26,163,13971840,Medically Underserved Area,1084492800000,0,52.4,Northeast Detroit Service Area,15869.7,26163500000,5033,-82.99504,1084492800000,1298176,503300,Census Tract 5033,42.43832,G5020,104,2384986.05859375,6552.73398070496
S,26,163,13683020,Medically Underserved Area,1084492800000,0,52.4,Northeast Detroit Service Area,15785.6,26163500000,5032,-82.99532,1084492800000,1271340,503200,Census Tract 5032,42.4455,G5020,105,2336219.890625,6518.56038617133
S,26,163,10553240,Medically Underserved Area,1084492800000,0,52.4,Northeast Detroit Service Area,13748.24,26163500000,5031,-82.97789,1084492800000,980539,503100,Census Tract 5031,42.44614,G5020,106,1801883.92578125,5678.08113125952
S,26,163,9625789,Medically Underserved Area,1084492800000,0,52.4,Northeast Detroit Service Area,13137.46,26163500000,5020,-82.94697,1084492800000,894356,502000,Census Tract 5020,42.3933,G5020,107,1640755.9140625,5425.17235843321
S,26,163,7993134,Medically Underserved Area,1084492800000,0,52.4,Northeast Detroit Service Area,12635.55,26163500000,5019,-82.9401,1084492800000,742662,501900,Census Tract 5019,42.39526,G5020,108,1362548.41015625,5219.42385029337
S,26,163,15501800,Medically Underserved Area,1084492800000,0,52.4,Northeast Detroit Service Area,15943.75,26163500000,5018,-82.93167,1084492800000,1440312,501800,Census Tract 5018,42.39834,G5020,109,2642772.265625,6584.42510809632
S,26,163,14012510,Medically Underserved Area,768096000000,0,55.5,Wayne Service Area,15618.96,26163540000,5429,-83.22607,768096000000,1301945,542900,Census Tract 5429,42.39884,G5020,110,2388912.25390625,6449.69993187185
S,26,163,15228730,Medically Underserved Population,1286928000000,0,60.3,Low Inc - Western Detroit,15821.04,26163540000,5427,-83.22681,1286928000000,1414948,542700,Census Tract 5427,42.38246,G5020,111,2594902.19140625,6527.11980389457
S,26,163,14849620,Medically Underserved Area,780624000000,0,47,Harmony Village/Grandmont/Cerveny Service Area,16089.55,26163540000,5426,-83.20774,780624000000,1379720,542600,Census Tract 5426,42.38297,G5020,112,2530346.96875,6638.16030479112
S,26,163,11376280,Medically Underserved Area,780624000000,0,47,Harmony Village/Grandmont/Cerveny Service Area,14335.6,26163540000,5425,-83.21327,780624000000,1057002,542500,Census Tract 5425,42.39279,G5020,113,1939102.87890625,5921.88875644803
S,26,163,7382901,Medically Underserved Area,780624000000,0,47,Harmony Village/Grandmont/Cerveny Service Area,11257.51,26163540000,5424,-83.20362,780624000000,685968,542400,Census Tract 5424,42.39089,G5020,114,1258349.6796875,4648.64322865314
S,26,163,8914719,Medically Underserved Area,780624000000,0,47,Harmony Village/Grandmont/Cerveny Service Area,14769.46,26163540000,5423,-83.20541,780624000000,828296,542300,Census Tract 5423,42.39841,G5020,115,1519799.00390625,6094.32683267446
S,26,163,13999950,Medically Underserved Area,780624000000,0,47,Harmony Village/Grandmont/Cerveny Service Area,15910.72,26163540000,5422,-83.20866,780624000000,1300783,542200,Census Tract 5422,42.40492,G5020,116,2387237,6566.07892420154
S,26,163,13986670,Medically Underserved Area,780624000000,0,47,Harmony Village/Grandmont/Cerveny Service Area,15878.89,26163540000,5421,-83.20901,780624000000,1299552,542100,Census Tract 5421,42.41215,G5020,117,2385521.80859375,6553.71936455995
S,26,163,14357130,Medically Underserved Area,780624000000,0,40,Wayne Service Area,14993.98,26163510000,5122,-82.97684,768096000000,1333956,512200,Census Tract 5122,42.39532,G5020,118,2447388.1640625,6188.47089931353
S,26,163,9034784,Medically Underserved Area,768096000000,0,55.5,Wayne Service Area,11875.12,26163520000,5173,-83.05054,768096000000,839443,517300,Census Tract 5173,42.34569,G5020,119,1537678.3359375,4899.54084243954
S,26,163,19850850,Medically Underserved Area,780624000000,0,32.5,Chene Service Area,23057.69,26163520000,5189,-83.04351,768096000000,1844379,518900,Census Tract 5189,42.3526,G5020,120,3379267.87890625,9520.05811562189
S,26,163,13298110,Medically Underserved Area,1084492800000,0,52.4,Northeast Detroit Service Area,16719.47,26163500000,5011,-82.96016,1084492800000,1235566,501100,Census Tract 5011,42.41283,G5020,121,2268133.9765625,6908.50383275499
S,26,163,39109.16,Medically Underserved Area,768096000000,3081417,55.5,Wayne Service Area,829.8369,26163990000,9855,-82.97817,768096000000,3397894,985500,Census Tract 9855,42.34185,G5020,122,6655.11328125,342.136016210613
S,26,163,34929790,Medically Underserved Area,780624000000,505795,40,Wayne Service Area,39548.34,26163510000,5137,-82.96099,768096000000,3327454,513700,Census Tract 5137,42.35805,G5020,123,5948234.953125,16317.9455864951
S,26,163,13696130,Medically Underserved Area,1084492800000,0,52.4,Northeast Detroit Service Area,16103.7,26163500000,5014,-82.93852,1084492800000,1272550,501400,Census Tract 5014,42.40916,G5020,124,2335743.70703125,6651.90721069537
S,26,163,13295380,Medically Underserved Area,1084492800000,0,52.4,Northeast Detroit Service Area,14816.06,26163500000,5013,-82.95055,1084492800000,1235308,501300,Census Tract 5013,42.40337,G5020,125,2266982.5390625,6116.86425286792
S,26,163,7401530,Medically Underserved Area,1084492800000,0,52.4,Northeast Detroit Service Area,11273.36,26163500000,5012,-82.95131,1084492800000,687695,501200,Census Tract 5012,42.41144,G5020,126,1262352.72265625,4655.68435236925
S,26,163,9643918,Medically Underserved Area,1084492800000,0,52.4,Northeast Detroit Service Area,15976.22,26163500000,5010,-82.95156,1084492800000,896049,501000,Census Tract 5010,42.41873,G5020,127,1645182.03125,6594.14921309741
S,26,163,12551600,Medically Underserved Area,1084492800000,0,52.4,Northeast Detroit Service Area,17622.01,26163500000,5009,-82.94759,1084492800000,1166209,500900,Census Tract 5009,42.42236,G5020,128,2141459.1953125,7273.66480516893
S,26,163,8663378,Medically Underserved Area,1084492800000,0,52.4,Northeast Detroit Service Area,11710.28,26163500000,5008,-82.9352,1084492800000,804943,500800,Census Tract 5008,42.42466,G5020,129,1478187.52734375,4836.82228190195
S,26,163,13096520,Medically Underserved Area,1084492800000,0,52.4,Northeast Detroit Service Area,14821.53,26163500000,5007,-82.94733,1084492800000,1216845,500700,Census Tract 5007,42.4296,G5020,130,2234945.37109375,6121.46900535187
S,26,163,15992740,Medically Underserved Area,1084492800000,0,52.4,Northeast Detroit Service Area,17228.46,26163500000,5006,-82.96518,1084492800000,1485934,500600,Census Tract 5006,42.43153,G5020,131,2729359.6796875,7113.14663626304
S,26,163,8753588,Medically Underserved Area,1084492800000,0,52.4,Northeast Detroit Service Area,12354.53,26163500000,5005,-82.96794,1084492800000,813327,500500,Census Tract 5005,42.42413,G5020,132,1493555.65234375,5100.43625882012
S,26,163,10632270,Medically Underserved Area,1084492800000,0,52.4,Northeast Detroit Service Area,15285.58,26163500000,5004,-82.97934,1084492800000,987878,500400,Census Tract 5004,42.42616,G5020,133,1814217.76171875,6317.89132231391
S,26,163,86402.4,Medically Underserved Area,768096000000,3081417,55.5,Wayne Service Area,1571.511,26163990000,9855,-82.97817,768096000000,3397894,985500,Census Tract 9855,42.34185,G5020,134,14703.1875,647.623335597547
S,26,163,55923.04,Medically Underserved Area,768096000000,3081417,55.5,Wayne Service Area,972.9173,26163990000,9855,-82.97817,768096000000,3397894,985500,Census Tract 9855,42.34185,G5020,135,9516.89453125,401.518057161977
S,26,163,30307100,Medically Underserved Area,768096000000,16455,55.5,Wayne Service Area,22732.07,26163540000,5383,-83.12374,768096000000,2799494,538300,Census Tract 5383,42.42696,G5020,136,5171081.203125,9387.58291055946
S,26,163,15881580,Medically Underserved Area,780624000000,0,42.4,Southwest Detroit Service Area,19258.29,26163520000,5231,-83.10238,780624000000,1475574,523100,Census Tract 5231,42.32595,G5020,137,2701267.86328125,7942.48005043759
S,26,163,17774850,Medically Underserved Area,768096000000,0,55.5,Wayne Service Area,18788.11,26163520000,5223,-83.0966,768096000000,1651498,522300,Census Tract 5223,42.35654,G5020,138,3026244.21875,7747.76642178418
S,26,163,5657702,Medically Underserved Area,780624000000,0,33,Tireman/Chadsey Service Area,10170.1,26163520000,5222,-83.10657,768096000000,525670,522200,Census Tract 5222,42.35112,G5020,139,963081.76953125,4195.74634437213
S,26,163,11969250,Medically Underserved Area,780624000000,0,33,Tireman/Chadsey Service Area,14617.06,26163520000,5221,-83.10142,768096000000,1112081,522100,Census Tract 5221,42.34351,G5020,140,2036969.40234375,6033.40670538219
S,26,163,17285550,Medically Underserved Area,768096000000,0,55.5,Wayne Service Area,18897.83,26163520000,5220,-83.08759,768096000000,1606031,522000,Census Tract 5220,42.34357,G5020,141,2941722.640625,7792.57322636796
S,26,163,13826580,Medically Underserved Area,1084492800000,0,52.4,Northeast Detroit Service Area,16124.14,26163500000,5003,-82.96564,1084492800000,1284678,500300,Census Tract 5003,42.43887,G5020,142,2360231.859375,6657.38028847805
S,26,163,14962670,Medically Underserved Area,780624000000,0,42.4,Airport/Conner Service Area,18230.74,26163510000,5054,-82.99377,768096000000,1390236,505400,Census Tract 5054,42.41865,G5020,143,2552516.25,7532.48997357982
S,26,163,20506090,Medically Underserved Area,780624000000,0,42.4,Airport/Conner Service Area,20033.73,26163510000,5055,-83.00146,768096000000,1905278,505500,Census Tract 5055,42.39706,G5020,144,3495766.59375,8269.75395940754
S,26,163,8212813,Medically Underserved Area,278726400000,0,37.5,Mackenzie/ Brooks Service Area,13964.63,26163530000,5343,-83.16279,278726400000,763075,534300,Census Tract 5343,42.37493,G5020,145,1399088.28515625,5761.44458698222
S,26,163,54416180,Medically Underserved Area,780624000000,0,42.4,Airport/Conner Service Area,36414.29,26163510000,5110,-83.03066,768096000000,5055983,511000,Census Tract 5110,42.40083,G5020,146,9277697.51171875,15049.8867427471
S,26,163,16293460,Medically Underserved Area,780624000000,0,44.2,Pershing/Nolan/State Fair/Davison Service Area,17942.34,26163510000,5113,-83.04977,780624000000,1513883,511300,Census Tract 5113,42.41545,G5020,147,2779254.90234375,7404.26702971808
S,26,163,13649580,Medically Underserved Area,780624000000,0,33.6,Eastside Service Area,18446.88,26163520000,5159,-83.01693,780624000000,1268220,515900,Census Tract 5159,42.38298,G5020,148,2325861.0859375,7617.75545298336
S,26,163,9974646,Medically Underserved Area,278726400000,0,37.5,Mackenzie/ Brooks Service Area,14537.37,26163530000,5344,-83.15886,278726400000,926768,534400,Census Tract 5344,42.36933,G5020,149,1698919.4140625,5996.59387831354
S,26,163,6928515,Medically Underserved Area,278726400000,0,37.5,Mackenzie/ Brooks Service Area,10525.57,26163540000,5367,-83.16436,278726400000,643751,536700,Census Tract 5367,42.39876,G5020,150,1181202.25390625,4346.00484216146
S,26,163,18228660,Medically Underserved Area,278726400000,0,37.5,Mackenzie/ Brooks Service Area,19200.21,26163530000,5342,-83.15592,278726400000,1693674,534200,Census Tract 5342,42.37986,G5020,151,3105818.2109375,7922.26092305467
S,26,163,8214520,Medically Underserved Area,278726400000,0,37.5,Mackenzie/ Brooks Service Area,12902.27,26163530000,5341,-83.14233,278726400000,763226,534100,Census Tract 5341,42.37506,G5020,152,1399384.22265625,5329.85509715529
S,26,163,6567914,Medically Underserved Area,768096000000,0,55.5,Wayne Service Area,10265.7,26163530000,5331,-83.10193,768096000000,610243,533100,Census Tract 5331,42.37189,G5020,153,1118763.62109375,4236.42149114855
S,26,163,8002860,Medically Underserved Area,768096000000,0,55.5,Wayne Service Area,11305.91,26163530000,5330,-83.09766,768096000000,743564,533000,Census Tract 5330,42.36553,G5020,154,1362911.21875,4665.8007407147
S,26,163,6297499,Medically Underserved Area,768096000000,0,55.5,Wayne Service Area,10082.76,26163530000,5327,-83.09277,768096000000,585116,532700,Census Tract 5327,42.37525,G5020,155,1072816.22265625,4161.1165391857
S,26,163,7602210,Medically Underserved Area,768096000000,0,55.5,Wayne Service Area,11030.06,26163530000,5326,-83.08856,768096000000,706339,532600,Census Tract 5326,42.36895,G5020,156,1294820.53125,4552.25713490479
S,26,163,7279234,Medically Underserved Area,768096000000,0,55.5,Wayne Service Area,11661.35,26163530000,5323,-83.08911,768096000000,676333,532300,Census Tract 5323,42.38404,G5020,157,1240408.7890625,4811.11774652889
S,26,163,16943730,Medically Underserved Area,780624000000,0,44.2,Pershing/Nolan/State Fair/Davison Service Area,17815.44,26163510000,5081,-83.10149,780624000000,1574310,508100,Census Tract 5081,42.4409,G5020,158,2892524.72265625,7362.24371895265
S,26,163,21004810,Medically Underserved Area,780624000000,0,40,Wayne Service Area,18230.51,26163510000,5114,-83.07766,768096000000,1951620,511400,Census Tract 5114,42.39007,G5020,159,3579987.79296875,7527.52084037346
S,26,163,10572250,Medically Underserved Area,780624000000,0,33.6,Eastside Service Area,15860.94,26163510000,5142,-83.00842,780624000000,982297,514200,Census Tract 5142,42.38171,G5020,160,1801418.0390625,6549.56908530867
S,26,163,15456310,Medically Underserved Area,780624000000,0,33.6,Eastside Service Area,15561,26163520000,5160,-83.00932,780624000000,1436083,516000,Census Tract 5160,42.37148,G5020,161,2632758.921875,6422.23830766789
S,26,163,10059820,Medically Underserved Area,768096000000,0,55.5,Wayne Service Area,12793.1,26163520000,5225,-83.06068,768096000000,934676,522500,Census Tract 5225,42.34114,G5020,162,1711886.17578125,5277.91465715232
S,26,163,10114710,Medically Underserved Area,1084492800000,0,52.4,Northeast Detroit Service Area,13301.92,26163500000,5002,-82.96332,1084492800000,939797,500200,Census Tract 5002,42.44611,G5020,163,1727006.74609375,5494.0080815828
S,26,163,12941070,Medically Underserved Area,1084492800000,0,52.4,Northeast Detroit Service Area,16355.32,26163500000,5001,-82.95092,1084492800000,1202405,500100,Census Tract 5001,42.4444,G5020,164,2209463.78515625,6760.67809550015
S,26,163,42994060,Medically Underserved Area,780624000000,1047762,42.4,Southwest Detroit Service Area,33367.21,26163530000,5250,-83.09732,780624000000,3958989,525000,Census Tract 5250,42.30365,G5020,165,7307336.25,13755.4850461852
S,26,163,8907917,Medically Underserved Area,278726400000,0,37.5,Mackenzie/ Brooks Service Area,14069.49,26163540000,5378,-83.1877,278726400000,827659,537800,Census Tract 5378,42.39189,G5020,166,1518323.7421875,5804.63114344774
S,26,163,10167260,Medically Underserved Area,278726400000,0,37.5,Mackenzie/ Brooks Service Area,12958.72,26163540000,5377,-83.19147,278726400000,944672,537700,Census Tract 5377,42.3981,G5020,167,1733317.41796875,5348.77916868758
S,26,163,10229330,Medically Underserved Area,780624000000,0,47,Harmony Village/Grandmont/Cerveny Service Area,12963.54,26163540000,5376,-83.19206,780624000000,950445,537600,Census Tract 5376,42.41264,G5020,168,1744709.2265625,5352.0467043775
S,26,163,10116840,Medically Underserved Area,780624000000,0,47,Harmony Village/Grandmont/Cerveny Service Area,12946.28,26163540000,5375,-83.19177,780624000000,939987,537500,Census Tract 5375,42.40535,G5020,169,1725120.8203125,5344.2633379148
S,26,163,14395180,Medically Underserved Area,278726400000,0,37.5,Mackenzie/ Brooks Service Area,15682.76,26163540000,5373,-83.19183,278726400000,1337496,537300,Census Tract 5373,42.38483,G5020,170,2453055.3046875,6474.45119055133
S,26,163,13047650,Medically Underserved Area,278726400000,0,37.5,Mackenzie/ Brooks Service Area,14357.59,26163540000,5372,-83.17586,278726400000,1212296,537200,Census Tract 5372,42.38815,G5020,171,2223660.62109375,5927.24161911006
S,26,163,12233670,Medically Underserved Area,278726400000,0,37.5,Mackenzie/ Brooks Service Area,14792,26163540000,5371,-83.17651,278726400000,1136671,537100,Census Tract 5371,42.39798,G5020,172,2085592.4609375,6106.38889535156
S,26,163,10835040,Medically Underserved Area,278726400000,0,37.5,Mackenzie/ Brooks Service Area,13470.55,26163540000,5370,-83.17713,278726400000,1006722,537000,Census Tract 5370,42.40574,G5020,173,1847612.046875,5560.42270538268
S,26,163,10489250,Medically Underserved Area,780624000000,0,47,Harmony Village/Grandmont/Cerveny Service Area,13050.99,26163540000,5369,-83.17765,780624000000,974592,536900,Census Tract 5369,42.41293,G5020,174,1789058.37109375,5387.8132841101
S,26,163,6830981,Medically Underserved Area,278726400000,0,37.5,Mackenzie/ Brooks Service Area,12435.58,26163540000,5368,-83.16589,278726400000,634692,536800,Census Tract 5368,42.40649,G5020,175,1164859.80078125,5138.06426363602
S,26,163,19836600,Medically Underserved Area,278726400000,0,37.5,Mackenzie/ Brooks Service Area,20846.02,26163540000,5366,-83.1589,278726400000,1843081,536600,Census Tract 5366,42.38992,G5020,176,3380864.45703125,8602.78393445191
S,26,163,13566900,Medically Underserved Area,278726400000,0,37.5,Mackenzie/ Brooks Service Area,17001.63,26163540000,5365,-83.14452,278726400000,1260539,536500,Census Tract 5365,42.38845,G5020,177,2312175.796875,7021.33323214836
S,26,163,13879500,Medically Underserved Area,278726400000,0,37.5,Mackenzie/ Brooks Service Area,15787.64,26163540000,5364,-83.14981,278726400000,1289590,536400,Census Tract 5364,42.39896,G5020,178,2366247.125,6514.75762357449
S,26,163,13824950,Medically Underserved Area,278726400000,0,37.5,Mackenzie/ Brooks Service Area,15768.46,26163540000,5363,-83.15012,278726400000,1284524,536300,Census Tract 5363,42.4062,G5020,179,2357491.97265625,6507.55655938408
S,26,163,7241633,Medically Underserved Area,780624000000,0,47,Harmony Village/Grandmont/Cerveny Service Area,12726.22,26163540000,5362,-83.16412,780624000000,672847,536200,Census Tract 5362,42.4127,G5020,180,1235132.359375,5257.44458727883
S,26,163,10448660,Medically Underserved Area,278726400000,0,37.5,Mackenzie/ Brooks Service Area,13225.27,26163540000,5351,-83.17537,278726400000,970809,535100,Census Tract 5351,42.36948,G5020,181,1779663.15625,5456.10179962919
S,26,163,13938740,Medically Underserved Area,780624000000,0,47,Harmony Village/Grandmont/Cerveny Service Area,15795.71,26163540000,5361,-83.15042,780624000000,1295098,536100,Census Tract 5361,42.41344,G5020,182,2377444.609375,6519.56605917952
S,26,163,6998156,Medically Underserved Area,1096502400000,0,61.7,Dearborn Service Area,10624.34,26163540000,5357,-83.16294,1096502400000,650215,535700,Census Tract 5357,42.36245,G5020,183,1191690.5390625,4384.29809117379
S,26,163,13975690,Medically Underserved Area,1096502400000,0,61.7,Dearborn Service Area,15907.12,26163540000,5356,-83.16756,1096502400000,1298510,535600,Census Tract 5356,42.35511,G5020,184,2379313.09765625,6559.43722597537
S,26,163,10526570,Medically Underserved Area,278726400000,0,37.5,Mackenzie/ Brooks Service Area,13259.3,26163540000,5355,-83.18945,278726400000,978045,535500,Census Tract 5355,42.35467,G5020,185,1792086.3203125,5468.85426849286
S,26,163,10602070,Medically Underserved Area,278726400000,0,37.5,Mackenzie/ Brooks Service Area,13282.5,26163540000,5354,-83.18973,278726400000,985063,535400,Census Tract 5354,42.36191,G5020,186,1805356.796875,5479.01742649078
S,26,163,20744450,Medically Underserved Area,278726400000,0,37.5,Mackenzie/ Brooks Service Area,19163.65,26163540000,5353,-83.18997,278726400000,1927417,535300,Census Tract 5353,42.37273,G5020,187,3533656.1953125,7911.9227485833
S,26,163,15136830,Medically Underserved Area,278726400000,0,37.5,Mackenzie/ Brooks Service Area,15742.63,26163540000,5352,-83.1754,278726400000,1406405,535200,Census Tract 5352,42.3783,G5020,188,2578901.1953125,6497.88305708101
S,26,163,13744520,Medically Underserved Area,278726400000,0,37.5,Mackenzie/ Brooks Service Area,18446.53,26163540000,5350,-83.17622,278726400000,1277032,535000,Census Tract 5350,42.36039,G5020,189,2340350.82421875,7613.8245684574
S,26,163,11558460,Medically Underserved Area,278726400000,0,37.5,Mackenzie/ Brooks Service Area,15050.79,26163530000,5347,-83.15385,278726400000,1073921,534700,Census Tract 5347,42.35913,G5020,190,1968039.890625,6215.07207435556
S,26,163,7626577,Medically Underserved Area,768096000000,0,55.5,Wayne Service Area,14754.19,26163530000,5319,-83.1063,768096000000,708605,531900,Census Tract 5319,42.39024,G5020,191,1299855.14453125,6095.39466174368
S,26,163,8064441,Medically Underserved Area,768096000000,0,55.5,Wayne Service Area,11970.65,26163530000,5317,-83.11715,768096000000,749294,531700,Census Tract 5317,42.39801,G5020,192,1374824.109375,4941.04240436933
S,26,163,11616060,Medically Underserved Area,768096000000,0,55.5,Wayne Service Area,14781.83,26163530000,5312,-83.10201,768096000000,1079279,531200,Census Tract 5312,42.37883,G5020,193,1979092.546875,6097.39335253991
S,26,163,9424947,Medically Underserved Area,780624000000,0,33,Tireman/Chadsey Service Area,13900.92,26163530000,5255,-83.10935,768096000000,875685,525500,Census Tract 5255,42.33401,G5020,194,1603485.23828125,5729.49556861114
S,26,163,12957080,Medically Underserved Area,780624000000,0,33,Tireman/Chadsey Service Area,16032.94,26163530000,5254,-83.11402,768096000000,1203860,525400,Census Tract 5254,42.33918,G5020,195,2204777.3515625,6612.74171523297
S,26,163,10938320,Medically Underserved Area,780624000000,0,33,Tireman/Chadsey Service Area,13842.6,26163530000,5273,-83.11844,768096000000,1016296,527300,Census Tract 5273,42.34572,G5020,196,1861653.03125,5709.79932291889
S,26,163,6857742,Medically Underserved Area,780624000000,0,33,Tireman/Chadsey Service Area,14022.15,26163530000,5272,-83.11861,768096000000,637165,527200,Census Tract 5272,42.35159,G5020,197,1167377.11328125,5781.7961515489
S,26,163,21900500,Medically Underserved Area,780624000000,0,42.4,Southwest Detroit Service Area,21189.18,26163530000,5247,-83.15262,780624000000,2034764,524700,Census Tract 5247,42.27395,G5020,198,3718847.91796875,8734.03300018684
S,26,163,17521680,Medically Underserved Area,780624000000,0,42.4,Southwest Detroit Service Area,18827.15,26163520000,5240,-83.11991,780624000000,1627952,524000,Census Tract 5240,42.31699,G5020,199,2979378.53515625,7765.83628599831
S,26,163,31151560,Medically Underserved Area,780624000000,126346,42.4,Southwest Detroit Service Area,26092.61,26163520000,5245,-83.15121,780624000000,2767947,524500,Census Tract 5245,42.28689,G5020,200,5291907.4765625,10756.9084739505
S,26,163,17654130,Medically Underserved Area,780624000000,51534,42.4,Southwest Detroit Service Area,24575.81,26163520000,5243,-83.13203,780624000000,1588716,524300,Census Tract 5243,42.30012,G5020,201,3000261.015625,10131.7630654431
S,26,163,9304950,Medically Underserved Area,780624000000,0,42.4,Southwest Detroit Service Area,13336.62,26163520000,5242,-83.12911,780624000000,864528,524200,Census Tract 5242,42.307,G5020,202,1581707.55078125,5497.10175727833
S,26,163,19710140,Medically Underserved Area,780624000000,8689,42.4,Southwest Detroit Service Area,20138.61,26163520000,5241,-83.13733,780624000000,1822596,524100,Census Tract 5241,42.31136,G5020,203,3351292.41015625,8302.83346856741
S,26,163,13858840,Medically Underserved Area,780624000000,0,42.4,Southwest Detroit Service Area,18115.64,26163520000,5238,-83.11399,780624000000,1287632,523800,Census Tract 5238,42.30788,G5020,204,2355866.3046875,7470.67665094622
S,26,163,8289233,Medically Underserved Area,780624000000,0,42.4,Southwest Detroit Service Area,12172.28,26163520000,5234,-83.09109,780624000000,770160,523400,Census Tract 5234,42.31965,G5020,205,1409618.203125,5021.27034401839
S,26,163,7541601,Medically Underserved Area,780624000000,0,42.4,Southwest Detroit Service Area,11859.05,26163520000,5233,-83.09753,780624000000,700693,523300,Census Tract 5233,42.31723,G5020,206,1282381.1015625,4892.10768699248
S,26,163,9211062,Medically Underserved Area,780624000000,0,42.4,Southwest Detroit Service Area,12645.23,26163520000,5232,-83.10424,780624000000,855804,523200,Census Tract 5232,42.31446,G5020,207,1566119.1328125,5216.23936300294
S,26,163,17506930,Medically Underserved Area,780624000000,1705828,33.6,Eastside Service Area,25674.7,26163510000,5133,-82.94131,780624000000,1616439,513300,Census Tract 5133,42.35824,G5020,208,2980956.81640625,10593.2812289209
S,26,163,13764.39,Medically Underserved Area,768096000000,3081417,55.5,Wayne Service Area,560.6012,26163990000,9855,-82.97817,768096000000,3397894,985500,Census Tract 9855,42.34185,G5020,209,2341.765625,230.963922400266
S,26,163,66075.48,Medically Underserved Area,768096000000,3081417,55.5,Wayne Service Area,1199.536,26163990000,9855,-82.97817,768096000000,3397894,985500,Census Tract 9855,42.34185,G5020,210,11241.5390625,494.124560808535
S,26,163,10357.89,Medically Underserved Area,768096000000,3081417,55.5,Wayne Service Area,441.056,26163990000,9855,-82.97817,768096000000,3397894,985500,Census Tract 9855,42.34185,G5020,211,1762.23828125,181.704075334745
S,26,163,11363400,Medically Underserved Area,768096000000,3081417,55.5,Wayne Service Area,41930.59,26163990000,9855,-82.97817,768096000000,3397894,985500,Census Tract 9855,42.34185,G5020,212,1933552.52734375,17285.1747353368
S,26,163,10527210,Medically Underserved Area,768096000000,3081417,55.5,Wayne Service Area,17309.31,26163990000,9855,-82.97817,768096000000,3397894,985500,Census Tract 9855,42.34185,G5020,213,1791596.9765625,7135.91763755431
S,26,163,523783.5,Medically Underserved Area,768096000000,3081417,55.5,Wayne Service Area,4188.824,26163990000,9855,-82.97817,768096000000,3397894,985500,Census Tract 9855,42.34185,G5020,214,89155.28515625,1728.05794130874
S,26,163,375969.5,Medically Underserved Area,768096000000,3081417,55.5,Wayne Service Area,8768.531,26163990000,9855,-82.97817,768096000000,3397894,985500,Census Tract 9855,42.34185,G5020,215,63997.83203125,3612.76025020773
S,26,163,12538730,Medically Underserved Area,768096000000,3081417,55.5,Wayne Service Area,29190.06,26163990000,9855,-82.97817,768096000000,3397894,985500,Census Tract 9855,42.34185,G5020,216,2133705.5546875,12035.8042840438
